"","Sigla","Codigo","Munic<U+00ED>pio","1991","2000"
"1","SP",3500105,"Adamantina",23.67,12.448
"2","SP",3500204,"Adolfo",19.65,14.808
"3","SP",3500303,"Agua<U+00ED>",19.339,16.301
"4","SP",3500402,"<U+00C1>guas da Prata",21.61,14.412
"5","SP",3500501,"<U+00C1>guas de Lind<U+00F3>ia",29.009,10.564
"6","SP",3500550,"<U+00C1>guas de Santa B<U+00E1>rbara",25.149,18.297
"7","SP",3500600,"<U+00C1>guas de S<U+00E3>o Pedro",5.834,5.251
"8","SP",3500709,"Agudos",21.251,21.064
"9","SP",3500758,"Alambari",29.931,25.019
"10","SP",3500808,"Alfredo Marcondes",33.856,28.083
"11","SP",3500907,"Altair",17.937,19.934
"12","SP",3501004,"Altin<U+00F3>polis",20.095,14.568
"13","SP",3501103,"Alto Alegre",41.049,21.738
"14","SP",3501152,"Alum<U+00ED>nio",11.759,15.575
"15","SP",3501202,"<U+00C1>lvares Florence",47.456,21.017
"16","SP",3501301,"<U+00C1>lvares Machado",29.028,21.182
"17","SP",3501400,"<U+00C1>lvaro de Carvalho",51.217,23.859
"18","SP",3501509,"Alvinl<U+00E2>ndia",37.463,27.86
"19","SP",3501608,"Americana",4.161,5.64
"20","SP",3501707,"Am<U+00E9>rico Brasiliense",7.637,17.724
"21","SP",3501806,"Am<U+00E9>rico de Campos",35.974,18.377
"22","SP",3501905,"Amparo",9.472,8.432
"23","SP",3502002,"Anal<U+00E2>ndia",20.105,13.493
"24","SP",3502101,"Andradina",21.082,18.192
"25","SP",3502200,"Angatuba",25.946,24.626
"26","SP",3502309,"Anhembi",25.292,25.184
"27","SP",3502408,"Anhumas",38.088,31.8
"28","SP",3502507,"Aparecida",20.763,16.115
"29","SP",3502606,"Aparecida d'Oeste",44.027,23.939
"30","SP",3502705,"Apia<U+00ED>",45.293,47.726
"31","SP",3502754,"Ara<U+00E7>ariguama",37.065,18.332
"32","SP",3502804,"Ara<U+00E7>atuba",10.775,11.328
"33","SP",3502903,"Ara<U+00E7>oiaba da Serra",22.591,13.908
"34","SP",3503000,"Aramina",19.06,18.95
"35","SP",3503109,"Arandu",51.693,24.693
"36","SP",3503158,"Arape<U+00ED>",71.238,42.099
"37","SP",3503208,"Araraquara",7.298,10.512
"38","SP",3503307,"Araras",8.264,8.824
"39","SP",3503356,"Arco-<U+00CD>ris",54.015,32.979
"40","SP",3503406,"Arealva",27.362,18.434
"41","SP",3503505,"Areias",63.964,41.876
"42","SP",3503604,"Arei<U+00F3>polis",14.985,20.647
"43","SP",3503703,"Ariranha",11.981,14.168
"44","SP",3503802,"Artur Nogueira",11.117,14.657
"45","SP",3503901,"Aruj<U+00E1>",19.64,19.079
"46","SP",3503950,"Asp<U+00E1>sia",52.079,26.652
"47","SP",3504008,"Assis",14.594,11.973
"48","SP",3504107,"Atibaia",15.218,10.824
"49","SP",3504206,"Auriflama",25.068,18.683
"50","SP",3504305,"Ava<U+00ED>",42.459,22.978
"51","SP",3504404,"Avanhandava",26.289,24.147
"52","SP",3504503,"Avar<U+00E9>",19.444,16.672
"53","SP",3504602,"Bady Bassitt",14.851,10.516
"54","SP",3504701,"Balbinos",31.241,22.423
"55","SP",3504800,"B<U+00E1>lsamo",20.831,12.178
"56","SP",3504909,"Bananal",53.157,28.672
"57","SP",3505005,"Bar<U+00E3>o de Antonina",59.563,42.902
"58","SP",3505104,"Barbosa",32.412,25.145
"59","SP",3505203,"Bariri",18.411,10.324
"60","SP",3505302,"Barra Bonita",3.482,8.278
"61","SP",3505351,"Barra do Chap<U+00E9>u",76.584,65.471
"62","SP",3505401,"Barra do Turvo",65.056,59.382
"63","SP",3505500,"Barretos",14.989,12.097
"64","SP",3505609,"Barrinha",12.393,20.321
"65","SP",3505708,"Barueri",13.065,17.034
"66","SP",3505807,"Bastos",25.313,17.842
"67","SP",3505906,"Batatais",14.843,9.95
"68","SP",3506003,"Bauru",9.425,10.385
"69","SP",3506102,"Bebedouro",14.818,15.958
"70","SP",3506201,"Bento de Abreu",23.605,17.856
"71","SP",3506300,"Bernardino de Campos",25.788,20.771
"72","SP",3506359,"Bertioga",13.141,12.456
"73","SP",3506409,"Bilac",20.491,11.837
"74","SP",3506508,"Birigui",7.72,8.471
"75","SP",3506607,"Biritiba-Mirim",26.852,25.18
"76","SP",3506706,"Boa Esperan<U+00E7>a do Sul",19.41,25.766
"77","SP",3506805,"Bocaina",7.827,9.404
"78","SP",3506904,"Bofete",29.073,22.676
"79","SP",3507001,"Boituva",12.281,12.607
"80","SP",3507100,"Bom Jesus dos Perd<U+00F5>es",17.434,13.771
"81","SP",3507159,"Bom Sucesso de Itarar<U+00E9>",64.321,51.336
"82","SP",3507209,"Bor<U+00E1>",41.32,25.129
"83","SP",3507308,"Borac<U+00E9>ia",21.537,11.72
"84","SP",3507407,"Borborema",18.945,15.92
"85","SP",3507456,"Borebi",17.182,21.362
"86","SP",3507506,"Botucatu",11.49,13.249
"87","SP",3507605,"Bragan<U+00E7>a Paulista",13.646,12.281
"88","SP",3507704,"Bra<U+00FA>na",32.179,14.055
"89","SP",3507753,"Brejo Alegre",28.18,22.277
"90","SP",3507803,"Brodowski",10.2,9.601
"91","SP",3507902,"Brotas",17.518,13.09
"92","SP",3508009,"Buri",44.695,36.145
"93","SP",3508108,"Buritama",21.891,17.434
"94","SP",3508207,"Buritizal",20.036,19.033
"95","SP",3508306,"Cabr<U+00E1>lia Paulista",36.824,23.08
"96","SP",3508405,"Cabre<U+00FA>va",15.007,13.542
"97","SP",3508504,"Ca<U+00E7>apava",16.839,14.947
"98","SP",3508603,"Cachoeira Paulista",35.595,23.356
"99","SP",3508702,"Caconde",38.673,28.954
"100","SP",3508801,"Cafel<U+00E2>ndia",40.844,19.461
"101","SP",3508900,"Caiabu",46.347,25.726
"102","SP",3509007,"Caieiras",9.315,15.548
"103","SP",3509106,"Caiu<U+00E1>",47.195,37.217
"104","SP",3509205,"Cajamar",16.817,20.167
"105","SP",3509254,"Cajati",44.596,41.823
"106","SP",3509304,"Cajobi",11.845,23.16
"107","SP",3509403,"Cajuru",25.508,15.927
"108","SP",3509452,"Campina do Monte Alegre",41.042,27.572
"109","SP",3509502,"Campinas",6.8,10.201
"110","SP",3509601,"Campo Limpo Paulista",13.482,17.448
"111","SP",3509700,"Campos do Jord<U+00E3>o",15.524,11.062
"112","SP",3509809,"Campos Novos Paulista",37.986,29.176
"113","SP",3509908,"Canan<U+00E9>ia",48.618,33.298
"114","SP",3509957,"Canas",54.723,28.073
"115","SP",3510005,"C<U+00E2>ndido Mota",26.647,21.656
"116","SP",3510104,"C<U+00E2>ndido Rodrigues",14.816,15
"117","SP",3510153,"Canitar",49.335,25.781
"118","SP",3510203,"Cap<U+00E3>o Bonito",38.546,44.209
"119","SP",3510302,"Capela do Alto",26.378,26.718
"120","SP",3510401,"Capivari",9.004,11.349
"121","SP",3510500,"Caraguatatuba",21.397,18.195
"122","SP",3510609,"Carapicu<U+00ED>ba",10.264,17.103
"123","SP",3510708,"Cardoso",38.88,26.877
"124","SP",3510807,"Casa Branca",18.463,14.587
"125","SP",3510906,"C<U+00E1>ssia dos Coqueiros",39.366,21.834
"126","SP",3511003,"Castilho",33.716,33.701
"127","SP",3511102,"Catanduva",7.445,10.287
"128","SP",3511201,"Catigu<U+00E1>",12.325,13.037
"129","SP",3511300,"Cedral",24.242,14.597
"130","SP",3511409,"Cerqueira C<U+00E9>sar",25.213,17.671
"131","SP",3511508,"Cerquilho",7.644,6.988
"132","SP",3511607,"Ces<U+00E1>rio Lange",20.752,16.757
"133","SP",3511706,"Charqueada",11.304,11.893
"134","SP",3511904,"Clementina",25.348,18.246
"135","SP",3512001,"Colina",22.796,19.675
"136","SP",3512100,"Col<U+00F4>mbia",30.925,22.895
"137","SP",3512209,"Conchal",18.522,20.002
"138","SP",3512308,"Conchas",15.895,13.507
"139","SP",3512407,"Cordeir<U+00F3>polis",8.728,11.019
"140","SP",3512506,"Coroados",24.299,19.062
"141","SP",3512605,"Coronel Macedo",50.895,40.487
"142","SP",3512704,"Corumbata<U+00ED>",20.976,15.06
"143","SP",3512803,"Cosm<U+00F3>polis",9.435,16.69
"144","SP",3512902,"Cosmorama",42.271,22.286
"145","SP",3513009,"Cotia",12.111,15.895
"146","SP",3513108,"Cravinhos",16.206,11.461
"147","SP",3513207,"Cristais Paulista",32.034,15.749
"148","SP",3513306,"Cruz<U+00E1>lia",30.787,22.663
"149","SP",3513405,"Cruzeiro",26.533,17.557
"150","SP",3513504,"Cubat<U+00E3>o",16.295,17.514
"151","SP",3513603,"Cunha",57.424,46.658
"152","SP",3513702,"Descalvado",11.204,13.55
"153","SP",3513801,"Diadema",10.058,16.242
"154","SP",3513850,"Dirce Reis",49.683,27.017
"155","SP",3513900,"Divinol<U+00E2>ndia",29.402,19.437
"156","SP",3514007,"Dobrada",10.814,20.436
"157","SP",3514106,"Dois C<U+00F3>rregos",10.508,10.848
"158","SP",3514205,"Dolcin<U+00F3>polis",31.176,23.335
"159","SP",3514304,"Dourado",11.114,12.941
"160","SP",3514403,"Dracena",18.374,14.456
"161","SP",3514502,"Duartina",29.009,21.043
"162","SP",3514601,"Dumont",7.81,11.936
"163","SP",3514700,"Echapor<U+00E3>",32.397,24.014
"164","SP",3514809,"Eldorado",47.458,49.068
"165","SP",3514908,"Elias Fausto",25.693,21.176
"166","SP",3514924,"Elisi<U+00E1>rio",17.144,16.001
"167","SP",3514957,"Emba<U+00FA>ba",11.755,27.36
"168","SP",3515004,"Embu",13.02,20.136
"169","SP",3515103,"Embu-Gua<U+00E7>u",18.869,20.229
"170","SP",3515129,"Emilian<U+00F3>polis",38.012,30.302
"171","SP",3515152,"Engenheiro Coelho",16.197,13.743
"172","SP",3515186,"Esp<U+00ED>rito Santo do Pinhal",15.765,8.877
"173","SP",3515194,"Esp<U+00ED>rito Santo do Turvo",29.235,21.872
"174","SP",3515202,"Estrela d'Oeste",39.841,14.555
"175","SP",3515301,"Estrela do Norte",42.403,33.182
"176","SP",3515350,"Euclides da Cunha Paulista",46.174,44.378
"177","SP",3515400,"Fartura",43.867,25.82
"178","SP",3515509,"Fernand<U+00F3>polis",16.9,12.546
"179","SP",3515608,"Fernando Prestes",15.777,17.687
"180","SP",3515657,"Fern<U+00E3>o",61.651,25.75
"181","SP",3515707,"Ferraz de Vasconcelos",20.113,22.945
"182","SP",3515806,"Flora Rica",46.93,29.837
"183","SP",3515905,"Floreal",28.372,20.681
"184","SP",3516002,"Fl<U+00F3>rida Paulista",35.071,24.199
"185","SP",3516101,"Flor<U+00ED>nia",27.563,28.399
"186","SP",3516200,"Franca",6.775,8.282
"187","SP",3516309,"Francisco Morato",15.627,30.598
"188","SP",3516408,"Franco da Rocha",11.52,20.928
"189","SP",3516507,"Gabriel Monteiro",27.658,15.006
"190","SP",3516606,"G<U+00E1>lia",50.611,26.647
"191","SP",3516705,"Gar<U+00E7>a",31.248,14.367
"192","SP",3516804,"Gast<U+00E3>o Vidigal",35.468,19.578
"193","SP",3516853,"Gavi<U+00E3>o Peixoto",13.054,21.505
"194","SP",3516903,"General Salgado",20.922,23.723
"195","SP",3517000,"Getulina",37.81,25.465
"196","SP",3517109,"Glic<U+00E9>rio",26.982,23.877
"197","SP",3517208,"Guai<U+00E7>ara",35.821,20.227
"198","SP",3517307,"Guaimb<U+00EA>",34.042,29.678
"199","SP",3517406,"Gua<U+00ED>ra",13.943,15
"200","SP",3517505,"Guapia<U+00E7>u",13.931,11.556
"201","SP",3517604,"Guapiara",57.131,55.334
"202","SP",3517703,"Guar<U+00E1>",20.275,24.133
"203","SP",3517802,"Guara<U+00E7>a<U+00ED>",33.483,21.099
"204","SP",3517901,"Guaraci",26.992,19.786
"205","SP",3518008,"Guarani d'Oeste",37.023,24.976
"206","SP",3518107,"Guarant<U+00E3>",44.308,32.243
"207","SP",3518206,"Guararapes",22.086,17.072
"208","SP",3518305,"Guararema",31.093,21.097
"209","SP",3518404,"Guaratinguet<U+00E1>",17.631,14.576
"210","SP",3518503,"Guare<U+00ED>",38.815,25.558
"211","SP",3518602,"Guariba",18.798,20.597
"212","SP",3518701,"Guaruj<U+00E1>",17.957,16.852
"213","SP",3518800,"Guarulhos",10.93,16.914
"214","SP",3518859,"Guatapar<U+00E1>",14.53,23.469
"215","SP",3518909,"Guzol<U+00E2>ndia",48.817,29.946
"216","SP",3519006,"Hercul<U+00E2>ndia",39.488,29.162
"217","SP",3519055,"Holambra",13.193,6.156
"218","SP",3519071,"Hortol<U+00E2>ndia",12.973,16.609
"219","SP",3519105,"Iacanga",23.939,14.474
"220","SP",3519204,"Iacri",44.707,27.301
"221","SP",3519253,"Iaras",41.999,28.379
"222","SP",3519303,"Ibat<U+00E9>",12.047,15.724
"223","SP",3519402,"Ibir<U+00E1>",19.213,18.39
"224","SP",3519501,"Ibirarema",29.292,20.274
"225","SP",3519600,"Ibitinga",14.171,11.602
"226","SP",3519709,"Ibi<U+00FA>na",37.056,25.775
"227","SP",3519808,"Ic<U+00E9>m",17,21.098
"228","SP",3519907,"Iep<U+00EA>",29.464,30.51
"229","SP",3520004,"Igara<U+00E7>u do Tiet<U+00EA>",6.265,12.869
"230","SP",3520103,"Igarapava",19.745,14.628
"231","SP",3520202,"Igarat<U+00E1>",29.215,23.236
"232","SP",3520301,"Iguape",37.513,33.449
"233","SP",3520400,"Ilhabela",21.893,17.744
"234","SP",3520426,"Ilha Comprida",35.053,25.244
"235","SP",3520442,"Ilha Solteira",5.074,9.312
"236","SP",3520509,"Indaiatuba",9.73,9.072
"237","SP",3520608,"Indiana",31.136,23.751
"238","SP",3520707,"Indiapor<U+00E3>",31.348,22.826
"239","SP",3520806,"In<U+00FA>bia Paulista",31.009,21.129
"240","SP",3520905,"Ipaussu",22.205,17.06
"241","SP",3521002,"Iper<U+00F3>",20.325,22.811
"242","SP",3521101,"Ipe<U+00FA>na",18.733,12.775
"243","SP",3521150,"Ipigu<U+00E1>",20.714,17.95
"244","SP",3521200,"Iporanga",53.765,54.552
"245","SP",3521309,"Ipu<U+00E3>",16.133,17.284
"246","SP",3521408,"Iracem<U+00E1>polis",7.981,6.923
"247","SP",3521507,"Irapu<U+00E3>",29.438,20.48
"248","SP",3521606,"Irapuru",43.76,28.417
"249","SP",3521705,"Itaber<U+00E1>",48.999,46.12
"250","SP",3521804,"Ita<U+00ED>",36.356,31.339
"251","SP",3521903,"Itajobi",22.496,16.348
"252","SP",3522000,"Itaju",28.81,12.41
"253","SP",3522109,"Itanha<U+00E9>m",20.063,23.739
"254","SP",3522158,"Ita<U+00F3>ca",73.013,67.233
"255","SP",3522208,"Itapecerica da Serra",14.478,21.778
"256","SP",3522307,"Itapetininga",19.715,18.319
"257","SP",3522406,"Itapeva",38.316,33.611
"258","SP",3522505,"Itapevi",25.504,27.188
"259","SP",3522604,"Itapira",9.068,11.05
"260","SP",3522653,"Itapirapu<U+00E3> Paulista",63.3,63.537
"261","SP",3522703,"It<U+00E1>polis",16.422,18.309
"262","SP",3522802,"Itaporanga",52.628,43.246
"263","SP",3522901,"Itapu<U+00ED>",14.433,11.981
"264","SP",3523008,"Itapura",34.669,34.812
"265","SP",3523107,"Itaquaquecetuba",20.67,27.577
"266","SP",3523206,"Itarar<U+00E9>",43.603,39.501
"267","SP",3523305,"Itariri",42.613,33.1
"268","SP",3523404,"Itatiba",7.923,7.258
"269","SP",3523503,"Itatinga",24.467,21.163
"270","SP",3523602,"Itirapina",12.449,16.629
"271","SP",3523701,"Itirapu<U+00E3>",25.802,19.765
"272","SP",3523800,"Itobi",32.54,22.238
"273","SP",3523909,"Itu",11.472,12.093
"274","SP",3524006,"Itupeva",19.681,9.578
"275","SP",3524105,"Ituverava",17.436,15.899
"276","SP",3524204,"Jaborandi",15.809,23.61
"277","SP",3524303,"Jaboticabal",9.534,11.038
"278","SP",3524402,"Jacare<U+00ED>",17.6,14.006
"279","SP",3524501,"Jaci",25.219,14.848
"280","SP",3524600,"Jacupiranga",36.781,34.222
"281","SP",3524709,"Jaguari<U+00FA>na",12.628,8.671
"282","SP",3524808,"Jales",18.9,11.09
"283","SP",3524907,"Jambeiro",42.664,23.603
"284","SP",3525003,"Jandira",14.07,17.082
"285","SP",3525102,"Jardin<U+00F3>polis",12.808,12.162
"286","SP",3525201,"Jarinu",28.385,19.826
"287","SP",3525300,"Ja<U+00FA>",6.285,6.353
"288","SP",3525409,"Jeriquara",25.19,18.232
"289","SP",3525508,"Joan<U+00F3>polis",25.145,15.579
"290","SP",3525607,"Jo<U+00E3>o Ramalho",33.819,27.154
"291","SP",3525706,"Jos<U+00E9> Bonif<U+00E1>cio",16.794,13.105
"292","SP",3525805,"J<U+00FA>lio Mesquita",41.179,30.151
"293","SP",3525854,"Jumirim",16.497,13.12
"294","SP",3525904,"Jundia<U+00ED>",7.227,7.81
"295","SP",3526001,"Junqueir<U+00F3>polis",37.208,24.607
"296","SP",3526100,"Juqui<U+00E1>",36.757,38.706
"297","SP",3526209,"Juquitiba",40.574,28.537
"298","SP",3526308,"Lagoinha",57.331,40.029
"299","SP",3526407,"Laranjal Paulista",15.736,12.335
"300","SP",3526506,"Lav<U+00ED>nia",27.729,19.857
"301","SP",3526605,"Lavrinhas",49.545,29.972
"302","SP",3526704,"Leme",9.694,14.283
"303","SP",3526803,"Len<U+00E7><U+00F3>is Paulista",10.618,9.406
"304","SP",3526902,"Limeira",9.977,12.32
"305","SP",3527009,"Lind<U+00F3>ia",15.247,8.266
"306","SP",3527108,"Lins",15.409,11.722
"307","SP",3527207,"Lorena",22.618,18.712
"308","SP",3527256,"Lourdes",27.686,23.009
"309","SP",3527306,"Louveira",12.961,10.466
"310","SP",3527405,"Luc<U+00E9>lia",32.018,22.545
"311","SP",3527504,"Lucian<U+00F3>polis",48.878,24.121
"312","SP",3527603,"Lu<U+00ED>s Ant<U+00F4>nio",13.283,15.87
"313","SP",3527702,"Luizi<U+00E2>nia",36.266,22.378
"314","SP",3527801,"Lup<U+00E9>rcio",34.632,24.972
"315","SP",3527900,"Lut<U+00E9>cia",40.002,26.41
"316","SP",3528007,"Macatuba",11.067,17.141
"317","SP",3528106,"Macaubal",26.543,17.054
"318","SP",3528205,"Maced<U+00F4>nia",41.346,20.455
"319","SP",3528304,"Magda",31.274,20.134
"320","SP",3528403,"Mairinque",8.55,16.787
"321","SP",3528502,"Mairipor<U+00E3>",14.252,17.93
"322","SP",3528601,"Manduri",25.494,16.937
"323","SP",3528700,"Marab<U+00E1> Paulista",42.267,37.411
"324","SP",3528809,"Maraca<U+00ED>",26.462,16.939
"325","SP",3528858,"Marapoama",26.312,16.724
"326","SP",3528908,"Mari<U+00E1>polis",48.314,26.974
"327","SP",3529005,"Mar<U+00ED>lia",12.073,11.532
"328","SP",3529104,"Marin<U+00F3>polis",38.962,24.449
"329","SP",3529203,"Martin<U+00F3>polis",32.406,26.165
"330","SP",3529302,"Mat<U+00E3>o",10.801,14.588
"331","SP",3529401,"Mau<U+00E1>",10.776,18.36
"332","SP",3529500,"Mendon<U+00E7>a",28.563,19.658
"333","SP",3529609,"Meridiano",49.307,20.128
"334","SP",3529658,"Mes<U+00F3>polis",54.541,29.609
"335","SP",3529708,"Miguel<U+00F3>polis",25.789,24.283
"336","SP",3529807,"Mineiros do Tiet<U+00EA>",12.657,9.918
"337","SP",3529906,"Miracatu",33.855,39.6
"338","SP",3530003,"Mira Estrela",40.539,22.736
"339","SP",3530102,"Mirand<U+00F3>polis",26.997,17.555
"340","SP",3530201,"Mirante do Paranapanema",42.559,43.343
"341","SP",3530300,"Mirassol",10.259,9.599
"342","SP",3530409,"Mirassol<U+00E2>ndia",25.114,24.491
"343","SP",3530508,"Mococa",22.832,16.051
"344","SP",3530607,"Moji das Cruzes",16.108,18.117
"345","SP",3530706,"Mogi Gua<U+00E7>u",10.289,11.448
"346","SP",3530805,"Moji-Mirim",8.993,9.058
"347","SP",3530904,"Mombuca",17.381,24.291
"348","SP",3531001,"Mon<U+00E7><U+00F5>es",28.852,21.071
"349","SP",3531100,"Mongagu<U+00E1>",23.146,25.193
"350","SP",3531209,"Monte Alegre do Sul",14.784,11.138
"351","SP",3531308,"Monte Alto",7.196,9.029
"352","SP",3531407,"Monte Apraz<U+00ED>vel",23.8,13.117
"353","SP",3531506,"Monte Azul Paulista",20.402,17.089
"354","SP",3531605,"Monte Castelo",44.44,28.05
"355","SP",3531704,"Monteiro Lobato",49.252,26.84
"356","SP",3531803,"Monte Mor",24.715,20.56
"357","SP",3531902,"Morro Agudo",16.583,16.634
"358","SP",3532009,"Morungaba",14.471,11.377
"359","SP",3532058,"Motuca",12.042,17.961
"360","SP",3532108,"Murutinga do Sul",34.306,22.18
"361","SP",3532157,"Nantes",40.33,28.54
"362","SP",3532207,"Narandiba",43.038,37.184
"363","SP",3532306,"Natividade da Serra",50.42,39.534
"364","SP",3532405,"Nazar<U+00E9> Paulista",34.944,30.309
"365","SP",3532504,"Neves Paulista",20.045,11.247
"366","SP",3532603,"Nhandeara",24.863,16.925
"367","SP",3532702,"Nipo<U+00E3>",26.157,19.013
"368","SP",3532801,"Nova Alian<U+00E7>a",19.792,16.564
"369","SP",3532827,"Nova Campina",66.532,51.238
"370","SP",3532843,"Nova Cana<U+00E3> Paulista",58.835,28.532
"371","SP",3532868,"Nova Castilho",40.108,26.507
"372","SP",3532900,"Nova Europa",9.966,13.218
"373","SP",3533007,"Nova Granada",18.813,15.6
"374","SP",3533106,"Nova Guataporanga",41.703,28.011
"375","SP",3533205,"Nova Independ<U+00EA>ncia",38.681,32.436
"376","SP",3533254,"Novais",19.147,26.108
"377","SP",3533304,"Nova Luzit<U+00E2>nia",29.832,23.325
"378","SP",3533403,"Nova Odessa",6.599,8.814
"379","SP",3533502,"Novo Horizonte",17.995,12.21
"380","SP",3533601,"Nuporanga",17.52,14.22
"381","SP",3533700,"Ocau<U+00E7>u",43.437,22.405
"382","SP",3533809,"<U+00D3>leo",35.576,26.214
"383","SP",3533908,"Ol<U+00ED>mpia",15.776,17.291
"384","SP",3534005,"Onda Verde",19.757,17.171
"385","SP",3534104,"Oriente",24.655,18.058
"386","SP",3534203,"Orindi<U+00FA>va",19.14,12.987
"387","SP",3534302,"Orl<U+00E2>ndia",9.593,10.249
"388","SP",3534401,"Osasco",9.472,12.844
"389","SP",3534500,"Oscar Bressane",27.183,17.917
"390","SP",3534609,"Osvaldo Cruz",28.14,13.911
"391","SP",3534708,"Ourinhos",16.032,14.485
"392","SP",3534757,"Ouroeste",37.959,20.655
"393","SP",3534807,"Ouro Verde",47.17,33.816
"394","SP",3534906,"Pacaembu",31.26,27.525
"395","SP",3535002,"Palestina",28.368,20.326
"396","SP",3535101,"Palmares Paulista",7.192,18.241
"397","SP",3535200,"Palmeira d'Oeste",36.562,19.935
"398","SP",3535309,"Palmital",26.241,19.431
"399","SP",3535408,"Panorama",29.951,22.592
"400","SP",3535507,"Paragua<U+00E7>u Paulista",22.595,25.818
"401","SP",3535606,"Paraibuna",41.087,24.702
"402","SP",3535705,"Para<U+00ED>so",13.354,18.087
"403","SP",3535804,"Paranapanema",31.83,27.735
"404","SP",3535903,"Paranapu<U+00E3>",40.222,21.846
"405","SP",3536000,"Parapu<U+00E3>",43.232,22.59
"406","SP",3536109,"Pardinho",23.229,18.113
"407","SP",3536208,"Pariquera-A<U+00E7>u",39.157,32.787
"408","SP",3536257,"Parisi",46.879,18.478
"409","SP",3536307,"Patroc<U+00ED>nio Paulista",21.543,16.413
"410","SP",3536406,"Paulic<U+00E9>ia",31.653,27.048
"411","SP",3536505,"Paul<U+00ED>nia",9.342,8.338
"412","SP",3536570,"Paulist<U+00E2>nia",35.877,20.95
"413","SP",3536604,"Paulo de Faria",24.759,25.841
"414","SP",3536703,"Pederneiras",16.433,15.686
"415","SP",3536802,"Pedra Bela",43.178,22.684
"416","SP",3536901,"Pedran<U+00F3>polis",36.182,22.417
"417","SP",3537008,"Pedregulho",28.039,23.291
"418","SP",3537107,"Pedreira",7.962,6.57
"419","SP",3537156,"Pedrinhas Paulista",15.753,16.79
"420","SP",3537206,"Pedro de Toledo",36.53,36.544
"421","SP",3537305,"Pen<U+00E1>polis",19.273,10.867
"422","SP",3537404,"Pereira Barreto",20.65,25.653
"423","SP",3537503,"Pereiras",23.438,16.219
"424","SP",3537602,"Peru<U+00ED>be",20.571,24.767
"425","SP",3537701,"Piacatu",35.594,19.146
"426","SP",3537800,"Piedade",27.48,26.73
"427","SP",3537909,"Pilar do Sul",27.641,28.108
"428","SP",3538006,"Pindamonhangaba",23.717,20.656
"429","SP",3538105,"Pindorama",14.325,13.155
"430","SP",3538204,"Pinhalzinho",23.409,16.937
"431","SP",3538303,"Piquerobi",42.917,29.925
"432","SP",3538501,"Piquete",24.94,19.702
"433","SP",3538600,"Piracaia",15.952,14.619
"434","SP",3538709,"Piracicaba",8.452,10.158
"435","SP",3538808,"Piraju",24.36,15.629
"436","SP",3538907,"Piraju<U+00ED>",33.675,18.531
"437","SP",3539004,"Pirangi",12.08,12.05
"438","SP",3539103,"Pirapora do Bom Jesus",27.715,25.233
"439","SP",3539202,"Pirapozinho",25.399,18.957
"440","SP",3539301,"Pirassununga",10.016,9.167
"441","SP",3539400,"Piratininga",24.133,13.75
"442","SP",3539509,"Pitangueiras",11.395,19.413
"443","SP",3539608,"Planalto",21.802,26.102
"444","SP",3539707,"Platina",41.637,26.931
"445","SP",3539806,"Po<U+00E1>",14.068,17.693
"446","SP",3539905,"Poloni",21.971,16.718
"447","SP",3540002,"Pomp<U+00E9>ia",26.316,10.738
"448","SP",3540101,"Ponga<U+00ED>",30.64,16.712
"449","SP",3540200,"Pontal",12.251,15.66
"450","SP",3540259,"Pontalinda",44.327,28.852
"451","SP",3540309,"Pontes Gestal",42.938,28.165
"452","SP",3540408,"Populina",34.091,23.961
"453","SP",3540507,"Porangaba",37.87,15.461
"454","SP",3540606,"Porto Feliz",15.099,12.116
"455","SP",3540705,"Porto Ferreira",10.466,11.138
"456","SP",3540754,"Potim",15.453,25.813
"457","SP",3540804,"Potirendaba",21.544,12.243
"458","SP",3540853,"Pracinha",49.799,33.882
"459","SP",3540903,"Prad<U+00F3>polis",7.647,13.842
"460","SP",3541000,"Praia Grande",15.325,16.747
"461","SP",3541059,"Prat<U+00E2>nia",29.539,20.844
"462","SP",3541109,"Presidente Alves",37.886,19.171
"463","SP",3541208,"Presidente Bernardes",29.407,25.107
"464","SP",3541307,"Presidente Epit<U+00E1>cio",32.027,21.207
"465","SP",3541406,"Presidente Prudente",12.509,11.976
"466","SP",3541505,"Presidente Venceslau",24.214,16.922
"467","SP",3541604,"Promiss<U+00E3>o",17.373,18.806
"468","SP",3541653,"Quadra",32.46,22.229
"469","SP",3541703,"Quat<U+00E1>",25.484,20.331
"470","SP",3541802,"Queiroz",45.991,31.427
"471","SP",3541901,"Queluz",41.439,34.131
"472","SP",3542008,"Quintana",34.582,24.836
"473","SP",3542107,"Rafard",7.611,9.655
"474","SP",3542206,"Rancharia",28.29,21.821
"475","SP",3542305,"Reden<U+00E7><U+00E3>o da Serra",50.858,37.425
"476","SP",3542404,"Regente Feij<U+00F3>",19.724,19.03
"477","SP",3542503,"Regin<U+00F3>polis",26.101,17.528
"478","SP",3542602,"Registro",35.113,32.82
"479","SP",3542701,"Restinga",26.271,21.528
"480","SP",3542800,"Ribeira",65.405,57.914
"481","SP",3542909,"Ribeir<U+00E3>o Bonito",16.702,18.95
"482","SP",3543006,"Ribeir<U+00E3>o Branco",71.148,59.332
"483","SP",3543105,"Ribeir<U+00E3>o Corrente",24.291,19.326
"484","SP",3543204,"Ribeir<U+00E3>o do Sul",36.59,24.241
"485","SP",3543238,"Ribeir<U+00E3>o dos <U+00CD>ndios",39.716,34.95
"486","SP",3543253,"Ribeir<U+00E3>o Grande",62.495,49.82
"487","SP",3543303,"Ribeir<U+00E3>o Pires",10.755,14.84
"488","SP",3543402,"Ribeir<U+00E3>o Preto",5.878,8.578
"489","SP",3543501,"Riversul",65.173,50.237
"490","SP",3543600,"Rifaina",31.425,16.12
"491","SP",3543709,"Rinc<U+00E3>o",13.803,20.467
"492","SP",3543808,"Rin<U+00F3>polis",51.409,24.892
"493","SP",3543907,"Rio Claro",8.415,8.267
"494","SP",3544004,"Rio das Pedras",8.842,13.488
"495","SP",3544103,"Rio Grande da Serra",18.247,23.983
"496","SP",3544202,"Riol<U+00E2>ndia",36.194,28.896
"497","SP",3544251,"Rosana",23.919,28.081
"498","SP",3544301,"Roseira",37.793,22.773
"499","SP",3544400,"Rubi<U+00E1>cea",31.964,21.879
"500","SP",3544509,"Rubin<U+00E9>ia",37.515,17.264
"501","SP",3544608,"Sabino",32.365,16.758
"502","SP",3544707,"Sagres",49.486,32.277
"503","SP",3544806,"Sales",37.824,20.565
"504","SP",3544905,"Sales Oliveira",14.486,11.215
"505","SP",3545001,"Sales<U+00F3>polis",28.672,24.456
"506","SP",3545100,"Salmour<U+00E3>o",45.077,22.456
"507","SP",3545159,"Saltinho",7.069,8.537
"508","SP",3545209,"Salto",13.195,11.503
"509","SP",3545308,"Salto de Pirapora",27.38,20.615
"510","SP",3545407,"Salto Grande",31.326,24.382
"511","SP",3545506,"Sandovalina",38.85,32.974
"512","SP",3545605,"Santa Ad<U+00E9>lia",12.168,10.912
"513","SP",3545704,"Santa Albertina",37.875,24.338
"514","SP",3545803,"Santa B<U+00E1>rbara d'Oeste",7.048,8.703
"515","SP",3546009,"Santa Branca",26.648,19.484
"516","SP",3546108,"Santa Clara d'Oeste",39.209,25.901
"517","SP",3546207,"Santa Cruz da Concei<U+00E7><U+00E3>o",15.124,11.294
"518","SP",3546256,"Santa Cruz da Esperan<U+00E7>a",20.658,22.003
"519","SP",3546306,"Santa Cruz das Palmeiras",11.918,14.217
"520","SP",3546405,"Santa Cruz do Rio Pardo",20.996,13.829
"521","SP",3546504,"Santa Ernestina",12.182,18.815
"522","SP",3546603,"Santa F<U+00E9> do Sul",17.494,14.99
"523","SP",3546702,"Santa Gertrudes",8.678,7.598
"524","SP",3546801,"Santa Isabel",23.465,20.987
"525","SP",3546900,"Santa L<U+00FA>cia",15.218,18.908
"526","SP",3547007,"Santa Maria da Serra",16.504,17.07
"527","SP",3547106,"Santa Mercedes",43.779,32.138
"528","SP",3547205,"Santana da Ponte Pensa",42.201,20.789
"529","SP",3547304,"Santana de Parna<U+00ED>ba",18.541,21.778
"530","SP",3547403,"Santa Rita d'Oeste",40.937,30.375
"531","SP",3547502,"Santa Rita do Passa Quatro",14.321,8.425
"532","SP",3547601,"Santa Rosa de Viterbo",12.097,17.717
"533","SP",3547650,"Santa Salete",41.986,24.669
"534","SP",3547700,"Santo Anast<U+00E1>cio",36.913,25.967
"535","SP",3547809,"Santo Andr<U+00E9>",6.689,10.338
"536","SP",3547908,"Santo Ant<U+00F4>nio da Alegria",39.563,18.432
"537","SP",3548005,"Santo Ant<U+00F4>nio de Posse",15.572,16.315
"538","SP",3548054,"Santo Ant<U+00F4>nio do Aracangu<U+00E1>",32.614,17.836
"539","SP",3548104,"Santo Ant<U+00F4>nio do Jardim",31.893,17.193
"540","SP",3548203,"Santo Ant<U+00F4>nio do Pinhal",36.681,22.41
"541","SP",3548302,"Santo Expedito",44.052,30.288
"542","SP",3548401,"Sant<U+00F3>polis do Aguape<U+00ED>",30.783,23.63
"543","SP",3548500,"Santos",5.158,5.84
"544","SP",3548609,"S<U+00E3>o Bento do Sapuca<U+00ED>",35.498,25.785
"545","SP",3548708,"S<U+00E3>o Bernardo do Campo",7.851,12.249
"546","SP",3548807,"S<U+00E3>o Caetano do Sul",4.79,2.892
"547","SP",3548906,"S<U+00E3>o Carlos",6.3,8.33
"548","SP",3549003,"S<U+00E3>o Francisco",46.322,27.631
"549","SP",3549102,"S<U+00E3>o Jo<U+00E3>o da Boa Vista",11.154,9.534
"550","SP",3549201,"S<U+00E3>o Jo<U+00E3>o das Duas Pontes",43.813,23.451
"551","SP",3549250,"S<U+00E3>o Jo<U+00E3>o de Iracema",37.717,29.658
"552","SP",3549300,"S<U+00E3>o Jo<U+00E3>o do Pau d'Alho",42.867,25.962
"553","SP",3549409,"S<U+00E3>o Joaquim da Barra",11.954,13.813
"554","SP",3549508,"S<U+00E3>o Jos<U+00E9> da Bela Vista",21.851,23.182
"555","SP",3549607,"S<U+00E3>o Jos<U+00E9> do Barreiro",42.766,38.522
"556","SP",3549706,"S<U+00E3>o Jos<U+00E9> do Rio Pardo",17.742,13.612
"557","SP",3549805,"S<U+00E3>o Jos<U+00E9> do Rio Preto",4.978,8.068
"558","SP",3549904,"S<U+00E3>o Jos<U+00E9> dos Campos",11.476,12.942
"559","SP",3549953,"S<U+00E3>o Louren<U+00E7>o da Serra",22.237,31.945
"560","SP",3550001,"S<U+00E3>o Lu<U+00ED>s do Paraitinga",43.355,28.735
"561","SP",3550100,"S<U+00E3>o Manuel",13.108,14.686
"562","SP",3550209,"S<U+00E3>o Miguel Arcanjo",38.426,30.046
"563","SP",3550308,"S<U+00E3>o Paulo",8.004,12.061
"564","SP",3550407,"S<U+00E3>o Pedro",16.992,12.739
"565","SP",3550506,"S<U+00E3>o Pedro do Turvo",42.644,32.109
"566","SP",3550605,"S<U+00E3>o Roque",19.378,16.768
"567","SP",3550704,"S<U+00E3>o Sebasti<U+00E3>o",14.088,15.099
"568","SP",3550803,"S<U+00E3>o Sebasti<U+00E3>o da Grama",30.456,20.632
"569","SP",3550902,"S<U+00E3>o Sim<U+00E3>o",15.191,17.076
"570","SP",3551009,"S<U+00E3>o Vicente",11.904,16.081
"571","SP",3551108,"Sarapu<U+00ED>",36.798,26.858
"572","SP",3551207,"Sarutai<U+00E1>",47.447,34.662
"573","SP",3551306,"Sebastian<U+00F3>polis do Sul",37.078,18.406
"574","SP",3551405,"Serra Azul",14.943,22.836
"575","SP",3551504,"Serrana",8.696,15.926
"576","SP",3551603,"Serra Negra",21.071,9.061
"577","SP",3551702,"Sert<U+00E3>ozinho",8.044,10.005
"578","SP",3551801,"Sete Barras",42.858,49.326
"579","SP",3551900,"Sever<U+00ED>nia",13.34,24.679
"580","SP",3552007,"Silveiras",59.071,37.253
"581","SP",3552106,"Socorro",20.646,14.747
"582","SP",3552205,"Sorocaba",10.149,10.578
"583","SP",3552304,"Sud Mennucci",26.633,18.067
"584","SP",3552403,"Sumar<U+00E9>",12.268,13.581
"585","SP",3552502,"Suzano",16.558,21.882
"586","SP",3552551,"Suzan<U+00E1>polis",36.578,29.32
"587","SP",3552601,"Tabapu<U+00E3>",16.594,15.203
"588","SP",3552700,"Tabatinga",18.16,18.503
"589","SP",3552809,"Tabo<U+00E3>o da Serra",9.175,14.438
"590","SP",3552908,"Taciba",33.938,25.536
"591","SP",3553005,"Tagua<U+00ED>",41.369,22.293
"592","SP",3553104,"Taia<U+00E7>u",16.679,19.986
"593","SP",3553203,"Tai<U+00FA>va",14.404,15.067
"594","SP",3553302,"Tamba<U+00FA>",20.686,15.735
"595","SP",3553401,"Tanabi",28.177,18.341
"596","SP",3553500,"Tapira<U+00ED>",32.701,33.409
"597","SP",3553609,"Tapiratiba",22.694,13.072
"598","SP",3553658,"Taquaral",15.841,18.466
"599","SP",3553708,"Taquaritinga",13.877,19.703
"600","SP",3553807,"Taquarituba",40.954,30.336
"601","SP",3553856,"Taquariva<U+00ED>",59.167,47.133
"602","SP",3553906,"Tarabai",34.542,31.184
"603","SP",3553955,"Tarum<U+00E3>",20.936,18.144
"604","SP",3554003,"Tatu<U+00ED>",14.236,14.063
"605","SP",3554102,"Taubat<U+00E9>",16.534,12.748
"606","SP",3554201,"Tejup<U+00E1>",58.361,38.532
"607","SP",3554300,"Teodoro Sampaio",37.289,39.156
"608","SP",3554409,"Terra Roxa",16.54,19.893
"609","SP",3554508,"Tiet<U+00EA>",9.641,8.36
"610","SP",3554607,"Timburi",54.956,26.593
"611","SP",3554656,"Torre de Pedra",38.822,26.483
"612","SP",3554706,"Torrinha",12.777,12.148
"613","SP",3554755,"Trabiju",21.848,22.019
"614","SP",3554805,"Trememb<U+00E9>",17.969,17.033
"615","SP",3554904,"Tr<U+00EA>s Fronteiras",38.297,20.772
"616","SP",3554953,"Tuiuti",31.468,16.562
"617","SP",3555000,"Tup<U+00E3>",21.412,14.811
"618","SP",3555109,"Tupi Paulista",29.62,17.327
"619","SP",3555208,"Turi<U+00FA>ba",21.371,16.17
"620","SP",3555307,"Turmalina",38.518,20.196
"621","SP",3555356,"Ubarana",24.101,21.846
"622","SP",3555406,"Ubatuba",21.312,20.742
"623","SP",3555505,"Ubirajara",41.109,27.843
"624","SP",3555604,"Uchoa",19.55,18.382
"625","SP",3555703,"Uni<U+00E3>o Paulista",37.336,22.171
"626","SP",3555802,"Ur<U+00E2>nia",30.397,20.73
"627","SP",3555901,"Uru",45.008,22.369
"628","SP",3556008,"Urup<U+00EA>s",25.05,15.988
"629","SP",3556107,"Valentim Gentil",28.428,10.628
"630","SP",3556206,"Valinhos",6.737,5.83
"631","SP",3556305,"Valpara<U+00ED>so",26.423,17.905
"632","SP",3556354,"Vargem",21.003,17.1
"633","SP",3556404,"Vargem Grande do Sul",12.666,10.754
"634","SP",3556453,"Vargem Grande Paulista",20.416,16.134
"635","SP",3556503,"V<U+00E1>rzea Paulista",9.045,14.764
"636","SP",3556602,"Vera Cruz",28.512,16.766
"637","SP",3556701,"Vinhedo",5.565,6.545
"638","SP",3556800,"Viradouro",10.494,16.051
"639","SP",3556909,"Vista Alegre do Alto",9.437,9.409
"640","SP",3556958,"Vit<U+00F3>ria Brasil",35.6,24.395
"641","SP",3557006,"Votorantim",17.567,12.938
"642","SP",3557105,"Votuporanga",19.516,10.311
"643","SP",3557154,"Zacarias",29.442,21.429
"644","SP",3557204,"Chavantes",32.841,19.137
"645","SP",3557303,"Estiva Gerbi",13.544,13.965
"646","SP",3599919,"Santo Amaro",NA,NA
